atas.id,atas.fornecedor,atas.objeto,atas.data,atas.processo,atas.identificacao,atas.vigencia,atas.situacao,atas.documentos
313,CIDADE LEGAL CONSULTORIA IMOBILIARIA EIRELI,"CONTRATAÇÃO DE EMPRESA ESPECIALIZADA PARA PRESTAÇÃO DE SERVIÇOS DE ENGENHARIA, OBJETIVANDO A EXECUÇÃO DE LEVANTAMENTOS TOPOGRAFICOS PLANIALTIMÉTRICOS E LEVANTAMENTOS TOPOGRAFICOS PLANIALTIMETRICOS DETALHADOS NO MUNICIPIOS DE SANTA TERESA ES.",2022-07-14,4410/2022,119,NA,Vigente,
310,PADARIA E CONFEITARIA LELIA EIRELI,AQUISIÇÃO DE LANCHES DESTINADOS ÀS DIVERSAS SECRETARIAS DESTA MUNICIPALIDADE.,2022-07-06,"4846, 4683, 4622, 4589, 4815, 4585, 4593 e 4602/2022",110,05/07/2023,Vigente,
309,POSITIVA COMERCIAL LTDA.,AQUISIÇÃO DE MEDICAMENTOS PARA ATENDER A DEMANDA DOS USUÁRIOS DESTA MUNICIPALIDADE.,2022-06-09,15211/2022,108,08/06/2023,Vigente,
311,EMPRESA LÍGIA MARIA CARNEIRO ME,AQUISIÇÃO DE MEDICAMENTOS PARA ATENDER A DEMANDA DOS USUÁRIOS DESTA MUNICIPALIDADE.,2022-07-06,15211/2021,107,05/07/2023,Vigente,
312,BRASILEIRO ATACADISTA COMÉRCIO SERVIÇO IMPORTAÇÃO E EXPORTAÇÃO EIRELI,"REGISTRO DE PREÇOS PARA EVENTUAL AQUISIÇÃO PARCELADA DE FRUTAS, LEGUMES E VERDURAS, A FIM DE ATENDER AS NECESSIDADES DAS SECRETARIAS MUNICIPAIS DE: ESPORTE E LAZER, EDUCAÇÃO, TURISMO E CULTURA E ASSISTÊNCIA SOCIAL.",2022-06-09,014059/2022,077,08/06/2023,Vigente,
308,PROEFARMA MEDICAMENTOS E PRODUTOS HOSPITALARES LTDA.,AQUISIÇÃO DE MEDICAMENTOS PARA ATENDER A DEMANDA DOS USUÁRIOS DESTA MUNICIPALIDADE.,2022-06-06,15213/2021,075,05/06/2023,Vigente,
307,EMPRESA POSITIVA COMERCIAL LTDA,AQUISIÇÃO DE MEDICAMENTOS PARA ATENDER A DEMANDA DOS USUÁRIOS DESTA MUNICIPALIDADE.,2022-06-06,15213/2021,074,05/06/2023,Vigente,
306,S.J DEGASPERI LTDA EPP.,"REGISTRO DE PREÇO PARA AQUISIÇÃO DE AÇÚCAR PARA ATENDER A DEMANDA DAS SECRETARIAS DE EDUCAÇÃO, ADMINISTRAÇÃO, SAÚDE, ASSISTÊNCI SOCIAL E ESPORTE, REFERENTE AO EXERCÍCIO DE 2022.",2022-05-17,426/2022,026,16/05/2023,Vigente,
305,NORTE COMERCIL LTDA,"REGISTRO DE PREÇO PARA AQUISIÇÃO DE GÊNEROS ALIMENTÍCIOS DESTINADOS ÀS SECRETARIAS MUNICIPAIS DE EDUCAÇÃO, ASSISTÊNCIA SOCIAL E TURISMO E CULTURA",2022-05-10,"000698, 000856 e 001074/2022",025,09/05/2023,Vigente,
303,PLASTIFICK LTDA EPP,"PARA AQUISIÇÃO DE MATERIAIS DE EXPEDIENTE PARA ATENDER A DEMANDA DAS SECRETARIAS MUNICIPAIS DE ADMINISTRAÇÃO, ASSISTÊNCIA SOCIAL E EDUCAÇÃO",2022-04-06,13403; 13550;15011/2021,024,05/04/2023,Vigente,
302,N DE L ROMANHA COMERCIAL ME,"PARA AQUISIÇÃO DE MATERIAIS DE EXPEDIENTE PARA ATENDER A DEMANDA DAS SECRETARIAS MUNICIPAIS DE ADMINISTRAÇÃO, ASSISTÊNCIA SOCIAL E EDUCAÇÃO",2022-04-06,13403; 13550;15011/2021,023,05/04/2023,Vigente,
304,AGNES COMERCIAL LTDA,"PARA AQUISIÇÃO DE MATERIAIS DE EXPEDIENTE PARA ATENDER A DEMANDA DAS SECRETARIAS MUNICIPAIS DE ADMINISTRAÇÃO, ASSISTÊNCIA SOCIAL E EDUCAÇÃO",2022-04-06,13403; 13550;15011/2021,022,05/04/2023,Vigente,
301,PORTICO ENGENHARIA E CONSULTORIA EIRELI.,"REGISTRO DE PREÇOS PARA CONTRATAÇÃO DE EMPRESA ESPECIALIZADA PARA PRESTAÇÃO DE SERVIÇOS DE ENGENHARIA, OBJETIFICANDO A FUTURA EXCECUÇÃO DE ENSAIOS DE SONDAGEM TIPO ""SPT"" NO MUNICÍPIO DE SANTA TERESA.-ES.",2022-04-05,14778/2022,021,04/04/2023,Vigente,
300,PORTICO ENGENHARIA E CONSULTORIA EIRELI.,REGISTRO DE PREÇOS PARA FUTURA CONTRATAÇÃO DE EMPRESA DE ENGENHARIA ESPECIALIZADA NA ELABORAÇÃO DE ESTUDO GEOTÉCNICO E PROJETOS DE CONTENÇÕES NO MUNICÍPIO DE SANTA TERESA.,2022-04-05,14779,020,04/04/2023,Vigente,
299,EMPRESA RESTAURANTE FERBELLA LTDA.,"REGISTRO DE PREÇOS PARA EVENTUAL E FUTURA CONTRATAÇÃO DE EMPRESA PARA FORNECIMENTO DE MARMITEX E REFEIÇÔES PARA ATENDER A DEMANDA DAS SECRETARIAS DA PREFEITURA MUNICIPAL DE SANTA TERESA, SENDO ELAS: SECRETARIA MUNICIPAL DE TURISMO E CULTURA, AGRICULTURA E DESENVOLVIMENTO ECONÔMICO, OBRAS E INFRAESTRUTURA, EDUCAÇÃO, ESPORTE E LAZER E SAÚDE.",2022-03-25,"12588, 13513, 13567, 15020, 15459 e 14112/2021.",018,24/03/2023,Vigente,
298,AR RP CERTIFICAÇÃO DIGITAL EIRELI.,"AQUISIÇÃO DE CERTIFICADO DIGITAL E-CPF PARA O GABINETE DO PREFEITO, PROCURADORIA JURÍDICA, UNIDADE CENTRAL DE CONTROLE INTERNO E DIVERSAS SECRETARIAS DA PREFEITURA DE SANTA TERESA.",2022-03-24,14755/2022,017,23/03/2022,Vigente,
297,EMPRESA S.J DEGASPERI LTDA EPP,"REGISTRO DE PREÇO PARA EVENTUAL E FUTURA CONTRATAÇÃO DE EMPRESA PARA FORNECIMENTO DE GÊNEROS ALIMENTÍCIOS PARA ATENDER A DEMANDA DAS SECRETARIAS DA PREFEITURA MUNICIPAL DE SANTA TERESA, SENDO ELAS: SECRETARIA MUNICIPAL DE EDUCAÇÃO, SECRETARIA MUNICIPAL DE ASSISTÊNCIA SOCIAL, SECRETARIA MUNICIPAL DE TURISMO E CULTURA, SECRETARIA MUNICIPAL DE ESPORTE E LAZER E SECRETARIA MUNICIPAL DE SAÚDE.",2022-02-22,"13289, 13909, 13972, 14060/2021 E SMSA: 14109/2021",016,21/02/2023,Vigente,
296,EMPRESA LICITA WEB COMÉRCIO EIRELI,"REGISTRO DE PREÇO PARA EVENTUAL E FUTURA CONTRATAÇÃO DE EMPRESA PARA FORNECIMENTO DE GÊNEROS ALIMENTÍCIOS PARA ATENDER A DEMANDA DAS SECRETARIAS DA PREFEITURA MUNICIPAL DE SANTA TERESA, SENDO ELAS: SECRETARIA MUNICIPAL DE EDUCAÇÃO, SECRETARIA MUNICIPAL DE ASSISTÊNCIA SOCIAL, SECRETARIA MUNICIPAL DE TURISMO E CULTURA, SECRETARIA MUNICIPAL DE ESPORTE E LAZER E SECRETARIA MUNICIPAL DE SAÚDE.",2022-02-22,"13289, 13909, 13972, 14060/2021 E SMSA: 14109/2021",015,21/02/2022,Vigente,
291,EMPRESA LOCCAR COMÉRCIO DE GÁS LOCAÇÃO DE VEÍCULOS LTDA,"REGISTRO DE PREÇO PARA EVENTUAL E FUTURA CONTRATAÇÃO DE EMPRESAS PARA FORNECIMENTO, SOB DEMANDA, DE MATERIAL DE CONSUMO - ÁGUA MINERAL E RECARGA DE GÁS LIQUEFEITO DE PRETÓLEO P45 E P13.",2022-02-15,13522 e 13546/2021,013,14/02/2022,Vigente,
295,EMPRESA DISTRIBUIDORA DE GÁS COLIBRI EIRELI,"REGISTRO DE PREÇO PARA EVENTUAL E FUTURA CONTRATAÇÃO DE EMPRESAS PARA FORNECIMENTO SOB DEMANDA DE MATERIAL DE CONSUMO, ÁGUA MINERAL E RECARGA DE GÁS LIQUEFEITO DE PETROLEO P45 E P13.",2022-02-15,13522 e 13546/2021,012,14/02/2023,Vigente,
290,S. J. DEGASPERI LTDA EPP,REGISTRO DE PREÇO PARA AQUISIÇÃO DE GÊNEROS ALIMENTÍCIOS PARA ATENDER A DEMANDA DA SECRETARIA MUNICIPAL DE EDUCAÇÃO,2022-02-17,"13669/2021, 13910/2021",011,16/02/2023,Vigente,
292,EMPRESA LICITA WEB COMÉRCIO EIRELI,"REGISTRO DE PREÇO PARA  AQUISIÇÃO DE GÊNEROS ALIMENTÍCIOS PARA ATENDER A DEMANDA DA SECRETARIA MUNICIPAL DE EDUCAÇÃO E SECRETARIA MUNICIPAL DE ASSISTÊNCIA SOCIAL E OS SEGUINTES PROGRAMAS VINCULADOS: CENTRO DE REFERENCIA DE ASSISTENCIA SOCIAL - CRAS, CENTRO DE REFERENCIA ESPECIALIZADO DE ASSISTENCIA SOCIAL - CREAS, SERVIÇO DE CONVIVÊNCIA E FORTALECIMENTO DE VÍNCULOS - SCFV, PROGRAMA BOLSA FAMÍLIA - PBF E O SERVIÇO DE ACOLHIMENTO INSTITUCIONAL PARA CRIANÇAS E ADOLESCENTES ""MANOEL VALENTIM"".",2022-02-17,13669 e 13910/2021,010,16/02/2023,Vigente,
288,EMPRESA LICITA WEB COMÉRCIO EIRELI,REGISTRO DE PREÇO PARA AQUISIÇÃO DE GÊNEROS ALIMENTÍCIOS (CARNES) PARA ATENDER A DEMANDA DA SECRETARIA MUNICIPAL DE EDUCAÇÃO E SECRETARIA MUNICIPAL DE ASSISTÊNCIA SOCIAL.,2022-02-17,"13671, 13904 E 13971/2021",009,16/02/2023,Vigente,
293,EMPRESA LL DISTRIBUIDORA LTDA,"REGISTRO DE PREÇO PARA AQUISIÇÃO DE GÊNEROS ALIMENTÍCIOS (CARNES) PARA ATENDER A DEMANDA DA SECRETARIA MUNICIPAL DE EDUCAÇÃO, SECRETARIA MUNICIPAL DE TURISMO E CULTURA E SECRETARIA MUNICIPAL DE ASSISTÊNCIA SOCIAL.",2022-02-17,"13671, 13904 e 13971/2021",008,16/02/2023,Vigente,
286,JANES JOSÉ DESTEFANI SARTORI EIRELI,"CONTRATAÇÃO DE EMPRESA DE ENGENHARIA ESPECIALIZADA NA ELABORAÇÃO DE PROJETOS EXECUTIVOS DE ARQUITETURA, ENGENHARIA E COMPLEMENTARES PARA CONSTRUÇÃO, REFORMA E REVITALIZAÇÃO DE PRÉDIOS E EQUIPAMENTOS PÚBLICOS MUNICIPAIS.",2022-02-11,13804/2021,007,10/02/2023,Vigente,
287,"LOFT INTERIORES, ARQUITETURA E CONSTRUÇÃO LTDA","CONTRATAÇÃO DE EMPRESA DE ENGENHARIA ESPECIALIZADA NA ELABORAÇÃO DE PROJETOS EXECUTIVOS DE ARQUITETURA, ENGENHARIA E COMPLEMENTARES PARA CONSTRUÇÃO, REFORMA E REVITALIZAÇÃO DE PRÉDIOS E EQUIPAMENTOS PÚBLICOS.",2022-02-11,13804/2021,006,10/02/2023,Vigente,
289,GTX ENGENHARIA LTDA,"CONTRATAÇÃO DE EMPRESA DE ENGENHARIA ESPECIALIZADA NA ELABORAÇÃO DE PROJETOS EXECUTIVOS DE ARQUITETURA, ENGENHARIA E COMPLEMENTARES PARA CONSTRUÇÃO, REFORMA E REVITALIZAÇÃO DE PRÉDIOS E EQUIPAMENTOS PÚBLICOS MUNICIPAIS.",2022-02-11,13804/2021,005,10/02/2023,Vigente,
294,EMPRESA ROSSI ATACADISTA E DISTRIBUIDORA EIRELI,REGISTRO DE PREÇO PARA AQUISIÇÃO DE CAFÉ TORRADO E MOÍDO PARA ATENDER A DEMANDA DE DIVERSAS SECRETARIAS DESTA MUNICIPALIDADE PARA O ANO DE 2022.,2022-02-14,"13405, 13547, 13911, 14061 e 14115/2021",004,13/02/2022,Vigente,
285,EMPRESA CESCOPEL ATACADO DISTRIBUIDOR LTDA - EPP,"AQUISIÇÃO DE MATERIAIS DE EXPEDIENTE, LIMPEZA E AVIAMENTOS, DESTINADOS AS NECESSIDADES DOS ALUNOS DAS ESCOLAS DE ENSINO FUNDAMENTAL E DE EDUCAÇÃO INFANTIL, REFERENTE AO PROGRAMA PDDE",2022-01-03,11110/2021,003,1 ANO,Vigente,
283,EMPRESA ELBER INDUSTRIA DE REFRIGERAÇÃO LTDA,AQUISIÇÃO DE CÂMARAS PARA CONSERVAÇÃO DE VACINAS DESTINADAS A NECESSIDADE IMEDIATA DA SECRETARIA MUNICIPAL DE SAÚDE,2022-01-03,5790/2021,002,02/01/2023,Vigente,
284,EMPRESA LICITA RIO COMÉRCIO DE MÁQUINAS E EQUIPAMENTOS LTDA - EPP,AQUISIÇÃO DE CÂMARAS PARA CONSERVAÇÃO DE VACINAS DESTINADAS A NECESSIDADE IMEDIATA DA SECRETARIA MUNICIPAL DE SAÚDE,2022-01-03,5790/2021,001,02/01/2023,Vigente,
282,"EMPRESA FOCO, CRIAR E INOVAR SOLUÇÕES EMPRESARIAIS E CONFECÇÕES EIRELI","FORNECIMENTO DE CAMISAS E JALECOS PARA ATENDER A DEMANDA DA SMTC, SMED E SMOI.",2021-12-07,9776/2021,092,06/12/2022,Vigente,
281,EMPRESA LICITA WEB COMÉRCIO EIRELI,"AQUISIÇÃO DE GÊNEROS ALIMENTÍCIOS, DESTINADOS A SECRETÁRIA MUNICIPAL DE SAÚDE.",2021-12-07,7437/2021,091,06/12/2022,Vigente,
278,EMPRESA PROLIGHT LOCAÇÕES DE EQUIPAMENTOS E SERVIÇOS LTDA - ME,"CONTRATAÇÃO DE EMPRESA ESPECIALIZADA EM LOCAÇÃO DE ILUMINAÇÃO DECORATIVA E CENOGRÁFICA E ENFEITES DE FIBRA DE VIDRO PARA ORNAMENTAR AS VIAS E PRÉDIOS PÚBLICOS DO MUNICÍPIO DURANTE A PROGRAMAÇÃO PROPOSTA PELA SMTC, CUJA DESCRIÇÃO DOS SERVIÇOS COMPREENDE: CONFECCIONAR, PRODUZIR, TRANSPORTAR, MONTAR, INSTALAR, FORNECER, MANTER E DESMONTAR.",2021-11-30,10420/2021,090,29/11/2022,Vigente,
280,EMPRESA D&D ENGENHARIA E PRE-MOLDADOS LTDA - ME,AQUISIÇÃO DE TUBOS DE CONCRETO (MANILHAS) PARA ATENDER AS NECESSIDADES DA SECRETARIA MUNICIPAL DE OBRAS E INFRAESTRUTURA.,2021-12-02,10814/2021,089,01/12/2022,Vigente,
279,EMPRESA SCHIMIDT CONSTRUTORA E INCORPORADORA LTDA,"PRESTAÇÃO DE SERVIÇOS DE ENGENHARIA, OBJETIVANDO O DESENVOLVIMENTO DE PROJETOS DE DRENAGEM E PAVIMENTAÇÃO DERUAS DO MUNICÍPIO DE SANTA TERESA, BEM COMO A APROVAÇÃO DOS MESMOS JUNTO AO ÓRGÃO INTERVENIENTE.",2021-11-29,10429/2021,088,28/11/2022,Vigente,
266,EMPRESA CECHETTI & CADINI - COMÉRCIO E DISTRIBUIDORA DE MEDICAMENTOS LTDA - EPP,AQUISIÇÃO DE MEDICAMENTOS E INSUMOS PARA ATENDER A DEMANDA DOS USUÁRIOS DESTA MUNICIPALIDADE.,2021-11-22,9545/2021,087,21/11/2022,Vigente,
267,EMPRESA TS FARMA DISTRIBUIDORA EIRELI,AQUISIÇÃO DE MEDICAMENTOS E INSUMOS PARA ATENDER A DEMANDA DOS USUÁRIOS DESTA MUNICIPALIDADE.,2021-11-22,9545/2021,086,21/11/2022,Vigente,
268,EMPRESA LOGER DISTRIBUIDORA DE MEDICAMENTOS E MATERIAIS HOSPITALARES EIRELI,AQUISIÇÃO DE MEDICAMENTOS E INSUMOS PARA ATENDER A DEMANDA DOS USUÁRIOS DESTA MUNICIPALIDADE.,2021-11-22,9545/2021,085,21/11/2022,Vigente,
269,EMPRESA VIVAMED COMÉRCIO DE MEDICAMENTOS E MATERIAL HOSPITALAR EIRELI,AQUISIÇÃO DE MEDICAMENTOS E INSUMOS PARA ATENDER A DEMANDA DOS USUÁRIOS DESTA MUNICIPALIDADE.,2021-11-22,9545/2021,084,21/11/2022,Vigente,
270,EMPRESA NSA DISTRIBUIDORA DE MEDICAMENTOS EIRELI,AQUISIÇÃO DE MEDICAMENTOS E INSUMOS PARA ATENDER A DEMANDA DOS USUÁRIOS DESTA MUNICIPALIDADE.,2021-11-22,9545/2021,083,21/11/2022,Vigente,
276,EMPRESA DISTRIBRINQ COMERCIAL EIRELI,AQUISIÇÃO DE UTENSILIOS DE COZINHA DESTINADOS A ATENDER AS INSTITUIÇÕES DE ENSINO DA REDE MUNICIPAL.,2021-11-22,10608/2021,082,21/11/2022,Vigente,
274,EMPRESA RFL COMERCIAL LTDA - EPP,AQUISIÇÃO DE UTENSILIOS DE COZINHA DESTINADOS A ATENDER AS INSTITUIÇÕES DE ENSINO DA REDE MUNICIPAL.,2021-11-22,10608/2021,081,21/11/2022,Vigente,
273,EMPRESA LIDER COMÉRCIO E DISTRIBUIÇÃO LTDA,AQUISIÇÃO DE UTENSILIOS DE COZINHA DESTINADOS A ATENDER AS INSTITUIÇÕES DE ENSINO DA REDE MUNICIPAL.,2021-11-22,10608/2021,080,21/11/2022,Vigente,
272,EMPRESA SJ COMÉRCIO DE UTILIDADES - EIRELI,AQUISIÇÃO DE UTENSILIOS DE COZINHA DESTINADOS A ATENDER AS INSTITUIÇÕES DE ENSINO DA REDE MUNICIPAL.,2021-11-22,10608/2021,079,21/11/2022,Vigente,
271,EMPRESA ARGUS ATACADISTA LTDA - EPP,AQUISIÇÃO DE UTENSÍLIOS DE COZINHA DESTINADOS A ATENDER AS INTITUIÇÕES DE ENSINO DA REDE MUNICIPAL.,2021-11-22,10608/2021,078,21/11/2022,Vigente,
277,EMPRESA ITASIS INFORMATICA LTDA - ME,"PRESTAÇÃO DE SERVIÇOS DE TECNOLOGIA DA INFORMAÇÃO PARA PROVIMENTO MENSAL DE SERVIÇO DE INTERNET, FULL DUPLEX E BANDA LARGA POR DEMANDA NA MODALIDADE 24/7, PARA AS DIVERSAS SECRETARIAS DESTA MUNICIPALIDADE",2021-11-09,10435 E 10462/2021,077,08/11/2022,Vigente,
265,EMPRESA TONON PROJETOS - CONSULTORIA E TOPOGRAFIA LTDA,"PRESTAÇÃO DE SERVIÇOS DE ENGENHARIA, OBJETIVANDO A EXECUÇÃO DE LEVANTAMENTOS TOPOGRÁFICOS PLANIALTIMÉTRICOS E LEVANTAMENTOS TOPOGRÁFICOS PLANIALTIMÉTRICOS DETALHADOS NO MUNICÍPIO DE SANTA TERESA/ES.",2021-10-11,9215/2021,076,10/10/2022,Vigente,
264,EMPRESA CAMPO FORTE TRATORES E IMPLEMENTOS AGRÍCOLAS EIRELI,"AQUISIÇÃO DE PARAFUSO, PORCA E LÂMINA CURVA PARA AS MÁQUINAS PATROL, ESCAVADEIRA E RETROESCAVADEIRA PERTENCENTES A SECRETARIA MUNICIPAL DE OBRAS E INFRAESTRUTURA.",2021-10-14,4113/2021,075,13/10/2022,Vigente,
263,EMPRESA W.M.J. PEÇAS E SERVIÇOS PARA TRATORES LTDA - ME,"AQUISIÇÃO DE PARAFUSO, PORCA E LÂMINA CURVA PARA AS MÁQUINAS PATROL, ESCAVADEIRA E RETROESCAVADEIRA PERTENCENTES A SECRETARIA MUNICIPAL DE OBRAS E INFRAESTRUTURA.",2021-10-14,4113/2021,074,13/10/2022,Vigente,
262,EMPRESA SC GEOMATICA - ENGENHARIA E GEOPROCESSAMENTO,"FUTURA E EVENTUAL CONTRATAÇÃO DE SERVIÇOS DE LEVANTAMENTO DE DADOS IMOBILIÁRIOS MUNICIPAL, ELABORAÇÃO DA PLANTA GENÉRICA DE VALORES (PGV), CADASTRO E RECADASTRO FÍSICO-IMOBILIÁRIO ""IN LOCO"" DA ÁREA URBANA E DE EXPANSÃO URBANA, ATUALIZAÇÃO, MANUTENÇÃO E SUPORTE DO SISTEMA DE INFORMAÇÕES GEOGRÁFICOS (SIG), TREINAMENTO E SUPORTE AOS SERVIDORES.",2021-10-11,3078/2021,073,10/10/2022,Vigente,
261,EMPRESA CELIO FEU SOCIEDADE INDIVIDUAL DE ADVOCACIA,"FUTURA E EVENTUAL CONTRATAÇÃO DE SERVIÇOS DE LEVANTAMENTO DE DADOS IMOBILIÁRIOS MUNICIPAL, COMPREENDENDO A REVISÃO E ATUALIZAÇÃO DO CÓDIGO TRIBUTÁRIO MUNICIPAL - LEI COMPLEMENTAR Nº 001/2010.",2021-10-11,3078/2021,072,10/10/2022,Vigente,
260,EMPRESA LUCIO NASCIMENTO - ME,AQUISIÇÃO DE MATERIAIS GRÁFICOS PARA ATENDER A DEMANDA DAS SECRETARIAS MUNICIPAIS DE TRANSPORTE E SAÚDE,2021-10-01,7367/2021,071,30/09/2022,Vigente,
259,EMPRESA PADARIA E CONFEITARIA LELIA EIRELI,AQUISIÇÃO DE LANCHES PARA ATENDER A DEMANDA DA SECRETARIA MUNICIPAL DE TURISMO E CULTURA,2021-09-15,6571/2021,070,14/09/2022,Vigente,
258,EMPRESA COMERCIAL H10 EIRELI,AQUISIÇÃO DE EQUIPAMENTOS DE INFORMÁTICA PARA ATENDER A DEMANDA DE DIVERSAS SECRETARIAS NO EXERCÍCIO DE 2021,2021-09-08,11245/2021,069,07/09/2022,Vigente,
257,EMPRESA ANDERSON SOARES DE SOUZA COMÉRCIO DE EQUIPAMENTOS DE NFORMATICA - ME,AQUISIÇÃO DE EQUIPAMENTOS DE INFORMÁTICA PARA ATENDER A DEMANDA DE DIVERSAS SECRETARIAS NO EXERCÍCIO DE 2021,2021-09-08,11245/2021,068,07/09/2022,Vigente,
256,EMPRESA MADE INFO SERVIÇOS LTDA - ME,AQUISIÇÃO DE EQUIPAMENTOS DE INFORMÁTICA PARA ATENDER A DEMANDA DE DIVERSAS SECRETARIAS NO EXERCÍCIO DE 2021,2021-09-08,11245/2021,067,07/09/2022,Vigente,
255,EMPRESA LRF SERVIÇOS E COMÉRCIO EM INFORMÁTICA LTDA,AQUISIÇÃO DE EQUIPAMENTOS DE INFORMÁTICA PARA ATENDER A DEMANDA DE DIVERSAS SECRETARIAS NO EXERCÍCIO DE 2021,2021-09-08,11245/2021,066,07/09/2022,Vigente,
254,EMPRESA CMK AUTOMAÇÃO COMERCIAL EIRELI - EPP,AQUISIÇÃO DE EQUIPAMENTOS DE INFORMÁTICA PARA ATENDER A DEMANDA DE DIVERSAS SECRETARIAS NO EXERCÍCIO DE 2021,2021-09-08,11245/2021,065,07/09/2022,Vigente,
253,EMPRESA POSITIVA COMERCIAL LTDA,AQUISIÇÃO DE MEDICAMENTOS E INSUMOS DE INSULINA PARA ATENDER A DEMANDA DOS PACIENTES DESTA MUNICIPALIDADE,2021-09-01,6156/2021,064,31/08/2022,Vigente,
252,EMPRESA ANJOMEDI DISTRIBUIDORA DE MEDICAMENTOS LTDA,AQUISIÇÃO DE MEDICAMENTOS E INSUMOS DE INSULINA PARA ATENDER A DEMANDA DOS PACIENTES DESTA MUNICIPALIDADE,2021-09-01,6156/2021,063,31/08/2022,Vigente,
251,EMPRESA LOGER DISTRIBUIDORA DE MEDICAMENTOS E MATERIAIS HOSPITALARES EIRELI,AQUISIÇÃO DE MEDICAMENTOS E INSUMOS DE INSULINA PARA ATENDER A DEMANDA DOS PACIENTES DESTA MUNICIPALIDADE,2021-09-01,6156/2021,062,31/08/2022,Vigente,
250,EMPRESA  DISTRIBUIDORA DE MEDICAMENTOS BACKES EIRELI,AQUISIÇÃO DE MEDICAMENTOS E INSUMOS DE INSULINA PARA ATENDER A DEMANDA DOS PACIENTES DESTA MUNICIPALIDADE,2021-09-01,6156/2021,061,31/08/2022,Vigente,
249,EMPRESA HOSPITALARES - DISTRIBUIDORA DE MEDICAMENTOS E CORRELATOS EIRELI,AQUISIÇÃO DE MEDICAMENTOS E INSUMOS DE INSULINA PARA ATENDER A DEMANDA DOS PACIENTES DESTA MUNICIPALIDADE,2021-09-01,6156/2021,060,31/08/2022,Vigente,
248,EMPRESA SINERGIA FARMACEUTICA LTDA,AQUISIÇÃO DE MEDICAMENTOS E INSUMOS DE INSULINA PARA ATENDER A DEMANDA DOS PACIENTES DESTA MUNICIPALIDADE,2021-09-01,6156/2021,059,31/08/2022,Vigente,
247,EMPRESA TS FARMA DISTRIBUIDORA EIRELI,AQUISIÇÃO DE MEDICAMENTOS E INSUMOS DE INSULINA PARA ATENDER A DEMANDA DOS PACIENTES DESTA MUNICIPALIDADE,2021-09-01,6156/2021,058,31/08/2022,Vigente,
246,EMPRESA LICITA WEB COMÉRCIO EIRELI,AQUISIÇÃO DE GÊNEROS ALIMENTÍCIOS DESTINADOS A SECRETARIA MUNICIPAL DE ASSISTÊNCIA SOCIAL E SEUS RESPECTIVOS PROGRAMAS PARA O EXERCÍCIO DE 2021,2021-09-01,13251/2020,057,31/08/2022,Vigente,
245,EMPRESA MONTEVERDE CURSOS PROFISSIONALIZANTES E EMPRESARIAIS LTDA,CURSO DE ATUALIZAÇÃO E CAPACITAÇÃO PARA CONDUTORES DE VEÍCULOS DE TRANSPORTE ESCOLAR,2021-08-24,7085/2021,056,23/08/2022,Vigente,
244,EMPRESA J.B. COMÉRCIO E SERVIÇOS EIRELI - EPP,"AQUISIÇÃO DE MATERIAL DE CAMA,A BANHO E HIGIENE PARA ATENDER AS CRECHES DA REDE MUNICIPAL DE ENSINO.",2021-07-26,5743/2021,055,25/07/2022,Vigente,
243,EMPRESA GALLO COMÉRCIO E DISTRIBUIDORA EIRELI,"AQUISIÇÃO DE MATERIAL DE LIMPEZA, EPI, EXPEDIENTE E MÁSCARAS DE TECIDO DESTINADOS AOS SERVIDORES, ALUNOS E USUÁRIOS E HIGIENIZAÇÃO DOS AMBIENTES PARA A REABERTURA DAS INSTITUIÇÕES DE ENSINO DA REDE MUNICIPAL DE SANTA TERESA/ES.",2021-07-26,5637/2021,054,25/07/2022,Vigente,
242,EMPRESA L.P. DE BORBA & CIA,"AQUISIÇÃO DE MATERIAL DE LIMPEZA, EPI, EXPEDIENTE E MÁSCARAS DE TECIDO DESTINADOS AOS SERVIDORES, ALUNOS E USUÁRIOS E HIGIENIZAÇÃO DOS AMBIENTES PARA A REABERTURA DAS INSTITUIÇÕES DE ENSINO DA REDE MUNICIPAL DE SANTA TERESA-ES",2021-07-26,5637/2021,053,25/07/2022,Vigente,
241,EMPRESA DISTRIBUIDORA DE PRODUTOS G.C.R. EIRELI,"AQUISIÇÃO DE MATERIAL DE LIMPEZA, EPI, EXPEDIENTE E MÁSCARAS DE TECIDO DESTINADOS AOS SERVIDORES, ALUNOS E USUÁRIOS E HIGIENIZAÇÃO DOS AMBIENTES PARA A REABERTURA DAS INSTITUIÇÕES DE ENSINO DA REDE MUNICIPAL DE SANTA TERESA-ES",2021-07-26,5637/2021,052,25/07/2022,Vigente,
240,EMPRESA BERIZA COMÉRCIO DE LIMPEZA LTDA,"AQUISIÇÃO DE MATERIAL DE LIMPEZA, EPI, EXPEDIENTE E MÁSCARAS DE TECIDO DESTINADOS AOS SERVIDORES, ALUNOS E USUÁRIOS E HIGIENIZAÇÃO DOS AMBIENTES PARA A REABERTURA DAS INSTITUIÇÕES DE ENSINO DA REDE MUNICIPAL DE SANTA TERESA-ES",2021-07-26,5637/2021,051,25/07/2022,Vigente,
239,EMPRESA J.B COMÉRCIO E SERVIÇOS EIRELI - EPP,"AQUISIÇÃO DE MATERIAL DE LIMPEZA, EPI, EXPEDIENTE E MÁSCARAS DE TECIDO DESTINADOS AOS SERVIDORES, ALUNOS E USUÁRIOS E HIGIENIZAÇÃO DOS AMBIENTES PARA A REABERTURA DAS INSTITUIÇÕES DE ENSINO DA REDE MUNICIPAL DE SANTA TERESA-ES",2021-07-26,5637/2021,050,25/07/2022,Vigente,
238,EMPRESA MMV PAPELARIA EIRELI,"AQUISIÇÃO DE MATERIAL DE LIMPEZA, EPI, EXPEDIENTE E MÁSCARAS DE TECIDO DESTINADOS AOS SERVIDORES, ALUNOS E USUÁRIOS E HIGIENIZAÇÃO DOS AMBIENTES PARA A REABERTURA DAS INSTITUIÇÕES DE ENSINO DA REDE MUNICIPAL DE SANTA TERESA-ES",2021-07-26,5637/2021,049,25/07/2022,Vigente,
237,EMPRESA FORTCLEAN COMÉRCIO DE EQUIPAMENTOS EIRELI,"AQUISIÇÃO DE MATERIAL DE LIMPEZA, EPI, EXPEDIENTE E MÁSCARAS DE TECIDO DESTINADOS AOS SERVIDORES, ALUNOS E USUÁRIOS E HIGIENIZAÇÃO DOS AMBIENTES PARA A REABERTURA DAS INSTITUIÇÕES DE ENSINO DA REDE MUNICIPAL DE SANTA TERESA-ES",2021-07-26,5637/2021,048,25/07/2022,Vigente,
236,EMPRESA MOURA COMÉRCIO ATACADISTA E DISTRIBUIÇÃO EIRELI,"AQUISIÇÃO DE MATERIAL DE LIMPEZA, EPI, EXPEDIENTE E MÁSCARAS DE TECIDO DESTINADOS AOS SERVIDORES, ALUNOS E USUÁRIOS E HIGIENIZAÇÃO DOS AMBIENTES PARA A REABERTURA DAS INSTITUIÇÕES DE ENSINO DA REDE MUNICIPAL DE SANTA TERESA-ES",2021-07-26,5637/2021,047,25/07/2022,Vigente,
235,EMPRESA AGNES COMERCIAL LTDA - ME,"AQUISIÇÃO DE MATERIAL DE LIMPEZA, EPI, EXPEDIENTE E MÁSCARAS DE TECIDO DESTINADOS AOS SERVIDORES, ALUNOS E USUÁRIOS E HIGIENIZAÇÃO DOS AMBIENTES PARA A REABERTURA DAS INSTITUIÇÕES DE ENSINO DA REDE MUNICIPAL DE SANTA TERESA-ES",2021-07-26,5637/2021,046,25/07/2022,Vigente,
234,EMPRESA MMV PAPELARIA EIRELI,AQUISIÇÃO DE MATERIAIS DE EXPEDIENTE PARA ATENDER A DEMANDA DA SECRETARIA MUNICIPAL DE SAÚDE,2021-07-19,4851/2021,045,18/07/2022,Vigente,
233,EMPRESA MARTINS & BOURGNON LTDA - ME,AQUISIÇÃO DE MATERIAIS DE EXPEDIENTE PARA ATENDER A DEMANDA DA SECRETARIA MUNICIPAL DE SAÚDE,2021-07-19,4851/2021,044,18/07/2022,Vigente,
232,"EMPRESA M.G. COMÉRCIO, DISTRIBUIDORA E SERVIÇOS LTDA - ME",AQUISIÇÃO DE MATERIAIS DE EXPEDIENTE PARA ATENDER A DEMANDA DA SECRETARIA MUNICIPAL DE SAÚDE,2021-07-19,4851/2021,043,18/07/2022,Vigente,
231,EMPRESA CESCOPEL ATACADO DISTRIBUIDOR LTDA - EPP,AQUISIÇÃO DE MATERIAIS DE EXPEDIENTE PARA ATENDER A DEMANDA DA SECRETARIA MUNICIPAL DE SAÚDE,2021-07-19,4851/2021,042,18/07/2022,Vigente,
230,EMPRESA AGNES COMERCIAL LTDA - ME,AQUISIÇÃO DE MATERIAIS DE EXPEDIENTE PARA ATENDER A DEMANDA DA SECRETARIA MUNICIPAL DE SAÚDE,2021-07-19,4851/2021,041,18/07/2022,Vigente,
229,EMPRESA MOURA COMÉRCIO ATACADISTA E DISTRIBUIÇÃO EIRELI,"AQUISIÇÃO DE MATERIAIS DE CONSUMO, LIMPEZA E GÊNEROS ALIMENTÍCIOS PARA ATENDER A DEMANDA DA SECRETARIA MUNICIPAL DE SAÚDE",2021-07-19,4797/2021,040,19/07/2022,Vigente,
228,EMPRESA COMERCIAL H10 EIRELI,"AQUISIÇÃO DE MATERIAIS DE CONSUMO, LIMPEZA E GÊNEROS ALIMENTÍCIOS PARA ATENDER A DEMANDA DA SECRETARIA MUNICIPAL DE SAÚDE",2021-07-19,4797/2021,039,18/07/2022,Vigente,
227,EMPRESA J.B COMÉRCIO E SERVIÇOS EIRELI - EPP,"AQUISIÇÃO DE MATERIAIS DE CONSUMO, LIMPEZA E GÊNEROS ALIMENTÍCIOS PARA ATENDER A DEMANDA DA SECRETARIA MUNICIPAL DE SAÚDE",2021-07-19,4797/2021,038,18/07/2022,Vigente,
226,EMPRESA FLOR DE LIZ COMÉRCIO DE PRODUTOS LTDA - ME,"AQUISIÇÃO DE MATERIAIS DE CONSUMO, LIMPEZA E GÊNEROS ALIMENTÍCIOS PARA ATENDER A DEMANDA DA SECRETARIA MUNICIPAL DE SAÚDE",2021-07-19,4797/2021,037,18/07/2022,Vigente,
225,EMPRESA BERIZA COMÉRCIO DE LIMPEZA LTDA,"AQUISIÇÃO DE MATERIAIS DE CONSUMO, LIMPEZA E GÊNEROS ALIMENTÍCIOS PARA ATENDER A DEMANDA DA SECRETARIA MUNICIPAL DE SAÚDE",2021-07-19,4797/2021,036,18/07/2022,Vigente,
224,EMPRESA EPM TRANSPORTES & LOGISTICA EIRELI,"AQUISIÇÃO DE MATERIAIS DE CONSUMO, LIMPEZA E GÊNEROS ALIMENTÍCIOS PARA ATENDER A DEMANDA DA SECRETARIA MUNICIPAL DE SAÚDE",2021-07-19,4797/2021,035,18/07/2022,Vigente,
223,EMPRESA AGNES COMERCIAL LTDA - ME,"AQUISIÇÃO DE MATERIAIS DE CONSUMO, LIMPEZA E GÊNEROS ALIMENTÍCIOS PARA ATENDER A DEMANDA DA SECRETARIA MUNICIPAL DE SAÚDE",2021-07-19,4797/2021,034,18/07/2022,Vigente,
222,EMPRESA STILL'OS COMERCIAL LTDA - ME,AQUISIÇÃO DE TROFÉUS E MEDALHAS PARA ATENDER A DEMANDA DA SECRETARIA MUNICIPAL DE ESPORTE E LAZER PARA O EXERCÍCIO DE 2021,2021-07-19,1104/2021,033,18/07/2022,Vigente,
221,EMPRESA SCLAN MALHAS LTDA - EPP,"AQUISIÇÃO DE MATERIAIS GRÁFICOS PARA ATENDER A DEMANDA DAS SECRETARIAS MUNICIPAIS DE MEIO AMBIENTE, OBRAS E INFRAESTRUTURA, AGRICULTURA E DESENVOLVIMENTO ECONOMICO, EDUCAÇÃO, FAZENDA, TURISMO E CULTURA E ADMINISTRAÇÃO E RECURSOS HUMANOS",2021-07-20,11119/2021,032,19/07/2022,Vigente,
220,EMPRESA RIO MARINHO COMÉRCIO E SERVIÇOS LTDA - ME,"AQUISIÇÃO DE MATERIAIS GRÁFICOS PARA ATENDER A DEMANDA DAS SECRETARIAS MUNICIPAIS DE MEIO AMBIENTE, OBRAS E INFRAESTRUTURA, AGRICULTURA E DESENVOLVIMENTO ECONOMICO, EDUCAÇÃO, FAZENDA, TURISMO E CULTURA E ADMINISTRAÇÃO E RECURSOS HUMANOS",2021-07-20,11119/2021,031,19/07/2022,Vigente,
219,EMPRESA GRAFICA E EDITORA QUATRO I LTDA - ME,"AQUISIÇÃO DE MATERIAIS GRÁFICOS PARA ATENDER A DEMANDA DAS SECRETARIAS MUNICIPAIS DE MEIO AMBIENTE, OBRAS E INFRAESTRUTURA, AGRICULTURA E DESENVOLVIMENTO ECONOMICO, EDUCAÇÃO, FAZENDA, TURISMO E CULTURA E ADMINISTRAÇÃO E RECURSOS HUMANOS",2021-07-20,11119/2021,030,19/07/2022,Vigente,
218,EMPRESA GRÁFICA E EDITORA QUATRO I LTDA - ME,AQUISIÇÃO DE MATERIAIS GRÁFICOS PARA ATENDER A DEMANDA DA SECRETARIA MUNICIPAL DE SAÚDE.,2021-07-01,4952/2021,029,30/06/2022,Vigente,
217,EMPRESA SAN MARTIN INDÚSTRIA E COMÉRCIO LTDA - EPP,AQUISIÇÃO DE MATERIAL DE CONSTRUÇÃO E ELÉTRICO PARA ATENDER A DEMANDA DO CEMITÉRIO MUNICIPAL SÃO PEDRO.,2021-06-25,5728/2021,028,24/06/2022,Vigente,
216,EMPRESA MATERIAL DE CONSTRUÇÃO SANTO ANTÔNIO DO CANAÃ LTDA,AQUISIÇÃO DE MATERIAL DE CONSTRUÇÃO E ELÉTRICO PARA ATENDER A DEMANDA DO CEMITÉRIO MUNICIPAL SÃO PEDRO.,2021-06-25,5728/2021,027,24/06/2022,Vigente,
215,EMPRESA SAN MARTIN INDUSTRIA E COMÉRCIO LTDA - ME,AQUISIÇÃO DE MATERIAL DE CONSTRUÇÃO PARA ATENDER A DEMANDA DA SECRETARIA MUNICIPAL DE EDUCAÇÃO E SECRETARIA MUNICIPAL DE ESPORTE E LAZER,2021-06-25,3722/2021,026,24/06/2021,Vigente,
214,EMPRESA ROMA COMERCIAL LTDA - EPP,"AQUISIÇÃO DE SACOLAS PLÁSTICAS PARA ATENDER AS NECESSIDADES DA SMED, REFERENTE A MONTAGEM DE KITS DA ALIMENTAÇÃO ESCOLAR, EXERCÍCIO DE 2021",2021-06-25,4752/2021,025,24/06/2021,Vigente,
213,EMPRESA REGINALDO DALPRA PAVAN - ME,LOCAÇÃO DE MESAS E CADEIRAS PLÁSTICAS PARA ATENDER A DEMANDA DE DIVERSAS SECRETARIAS DURANTE O EXERCÍCIO DE 2021,2021-06-22,10933/2020,024,21/06/2022,Vigente,
313,CIDADE LEGAL CONSULTORIA IMOBILIARIA EIRELI ,"CONTRATAÇÃO DE EMPRESA ESPECIALIZADA PARA PRESTAÇÃO DE SERVIÇOS DE ENGENHARIA, OBJETIVANDO A EXECUÇÃO DE LEVANTAMENTOS TOPOGRAFICOS PLANIALTIMÉTRICOS E LEVANTAMENTOS TOPOGRAFICOS PLANIALTIMETRICOS DETALHADOS NO MUNICIPIOS DE SANTA TERESA ES.",2022-07-14,4410/2022,119,,Vigente,
310,PADARIA E CONFEITARIA LELIA EIRELI,AQUISIÇÃO DE LANCHES DESTINADOS ÀS DIVERSAS SECRETARIAS DESTA MUNICIPALIDADE.,2022-07-06,"4846, 4683, 4622, 4589, 4815, 4585, 4593 e 4602/2022",110,05/07/2023,Vigente,
309,POSITIVA COMERCIAL LTDA.,AQUISIÇÃO DE MEDICAMENTOS PARA ATENDER A DEMANDA DOS USUÁRIOS DESTA MUNICIPALIDADE.,2022-06-09,15211/2022,108,08/06/2023,Vigente,
311,EMPRESA LÍGIA MARIA CARNEIRO ME,AQUISIÇÃO DE MEDICAMENTOS PARA ATENDER A DEMANDA DOS USUÁRIOS DESTA MUNICIPALIDADE.,2022-07-06,15211/2021,107,05/07/2023,Vigente,
312,BRASILEIRO ATACADISTA COMÉRCIO SERVIÇO IMPORTAÇÃO E EXPORTAÇÃO EIRELI,"REGISTRO DE PREÇOS PARA EVENTUAL AQUISIÇÃO PARCELADA DE FRUTAS, LEGUMES E VERDURAS, A FIM DE ATENDER AS NECESSIDADES DAS SECRETARIAS MUNICIPAIS DE: ESPORTE E LAZER, EDUCAÇÃO, TURISMO E CULTURA E ASSISTÊNCIA SOCIAL.",2022-06-09,014059/2022,077,08/06/2023,Vigente,
308, PROEFARMA MEDICAMENTOS E PRODUTOS HOSPITALARES LTDA.,AQUISIÇÃO DE MEDICAMENTOS PARA ATENDER A DEMANDA DOS USUÁRIOS DESTA MUNICIPALIDADE.,2022-06-06,15213/2021,075,05/06/2023,Vigente,
307,EMPRESA POSITIVA COMERCIAL LTDA,AQUISIÇÃO DE MEDICAMENTOS PARA ATENDER A DEMANDA DOS USUÁRIOS DESTA MUNICIPALIDADE.,2022-06-06,15213/2021,074,05/06/2023,Vigente,
306,S.J DEGASPERI LTDA EPP.,"REGISTRO DE PREÇO PARA AQUISIÇÃO DE AÇÚCAR PARA ATENDER A DEMANDA DAS SECRETARIAS DE EDUCAÇÃO, ADMINISTRAÇÃO, SAÚDE, ASSISTÊNCI SOCIAL E ESPORTE, REFERENTE AO EXERCÍCIO DE 2022.",2022-05-17,426/2022,026,16/05/2023,Vigente,
305,NORTE COMERCIL LTDA,"REGISTRO DE PREÇO PARA AQUISIÇÃO DE GÊNEROS ALIMENTÍCIOS DESTINADOS ÀS SECRETARIAS MUNICIPAIS DE EDUCAÇÃO, ASSISTÊNCIA SOCIAL E TURISMO E CULTURA",2022-05-10,"000698, 000856 e 001074/2022",025,09/05/2023,Vigente,
303,PLASTIFICK LTDA EPP,"PARA AQUISIÇÃO DE MATERIAIS DE EXPEDIENTE PARA ATENDER A DEMANDA DAS SECRETARIAS MUNICIPAIS DE ADMINISTRAÇÃO, ASSISTÊNCIA SOCIAL E EDUCAÇÃO",2022-04-06,13403; 13550;15011/2021,024,05/04/2023,Vigente,
302,N DE L ROMANHA COMERCIAL ME,"PARA AQUISIÇÃO DE MATERIAIS DE EXPEDIENTE PARA ATENDER A DEMANDA DAS SECRETARIAS MUNICIPAIS DE ADMINISTRAÇÃO, ASSISTÊNCIA SOCIAL E EDUCAÇÃO",2022-04-06,13403; 13550;15011/2021,023,05/04/2023,Vigente,
304,AGNES COMERCIAL LTDA,"PARA AQUISIÇÃO DE MATERIAIS DE EXPEDIENTE PARA ATENDER A DEMANDA DAS SECRETARIAS MUNICIPAIS DE ADMINISTRAÇÃO, ASSISTÊNCIA SOCIAL E EDUCAÇÃO",2022-04-06,13403; 13550;15011/2021,022,05/04/2023,Vigente,
301,PORTICO ENGENHARIA E CONSULTORIA EIRELI. ,"REGISTRO DE PREÇOS PARA CONTRATAÇÃO DE EMPRESA ESPECIALIZADA PARA PRESTAÇÃO DE SERVIÇOS DE ENGENHARIA, OBJETIFICANDO A FUTURA EXCECUÇÃO DE ENSAIOS DE SONDAGEM TIPO ""SPT"" NO MUNICÍPIO DE SANTA TERESA.-ES.",2022-04-05,14778/2022,021,04/04/2023,Vigente,
300,PORTICO ENGENHARIA E CONSULTORIA EIRELI. ,REGISTRO DE PREÇOS PARA FUTURA CONTRATAÇÃO DE EMPRESA DE ENGENHARIA ESPECIALIZADA NA ELABORAÇÃO DE ESTUDO GEOTÉCNICO E PROJETOS DE CONTENÇÕES NO MUNICÍPIO DE SANTA TERESA. ,2022-04-05,14779,020,04/04/2023,Vigente,
299,EMPRESA RESTAURANTE FERBELLA LTDA.,"REGISTRO DE PREÇOS PARA EVENTUAL E FUTURA CONTRATAÇÃO DE EMPRESA PARA FORNECIMENTO DE MARMITEX E REFEIÇÔES PARA ATENDER A DEMANDA DAS SECRETARIAS DA PREFEITURA MUNICIPAL DE SANTA TERESA, SENDO ELAS: SECRETARIA MUNICIPAL DE TURISMO E CULTURA, AGRICULTURA E DESENVOLVIMENTO ECONÔMICO, OBRAS E INFRAESTRUTURA, EDUCAÇÃO, ESPORTE E LAZER E SAÚDE. ",2022-03-25,"12588, 13513, 13567, 15020, 15459 e 14112/2021. ",018,24/03/2023,Vigente,
298,AR RP CERTIFICAÇÃO DIGITAL EIRELI.,"AQUISIÇÃO DE CERTIFICADO DIGITAL E-CPF PARA O GABINETE DO PREFEITO, PROCURADORIA JURÍDICA, UNIDADE CENTRAL DE CONTROLE INTERNO E DIVERSAS SECRETARIAS DA PREFEITURA DE SANTA TERESA. ",2022-03-24,14755/2022,017,23/03/2022,Vigente,
297,EMPRESA S.J DEGASPERI LTDA EPP,"REGISTRO DE PREÇO PARA EVENTUAL E FUTURA CONTRATAÇÃO DE EMPRESA PARA FORNECIMENTO DE GÊNEROS ALIMENTÍCIOS PARA ATENDER A DEMANDA DAS SECRETARIAS DA PREFEITURA MUNICIPAL DE SANTA TERESA, SENDO ELAS: SECRETARIA MUNICIPAL DE EDUCAÇÃO, SECRETARIA MUNICIPAL DE ASSISTÊNCIA SOCIAL, SECRETARIA MUNICIPAL DE TURISMO E CULTURA, SECRETARIA MUNICIPAL DE ESPORTE E LAZER E SECRETARIA MUNICIPAL DE SAÚDE.",2022-02-22,"13289, 13909, 13972, 14060/2021 E SMSA: 14109/2021",016,21/02/2023,Vigente,
296,EMPRESA LICITA WEB COMÉRCIO EIRELI,"REGISTRO DE PREÇO PARA EVENTUAL E FUTURA CONTRATAÇÃO DE EMPRESA PARA FORNECIMENTO DE GÊNEROS ALIMENTÍCIOS PARA ATENDER A DEMANDA DAS SECRETARIAS DA PREFEITURA MUNICIPAL DE SANTA TERESA, SENDO ELAS: SECRETARIA MUNICIPAL DE EDUCAÇÃO, SECRETARIA MUNICIPAL DE ASSISTÊNCIA SOCIAL, SECRETARIA MUNICIPAL DE TURISMO E CULTURA, SECRETARIA MUNICIPAL DE ESPORTE E LAZER E SECRETARIA MUNICIPAL DE SAÚDE.",2022-02-22,"13289, 13909, 13972, 14060/2021 E SMSA: 14109/2021",015,21/02/2022,Vigente,
291,EMPRESA LOCCAR COMÉRCIO DE GÁS LOCAÇÃO DE VEÍCULOS LTDA,"REGISTRO DE PREÇO PARA EVENTUAL E FUTURA CONTRATAÇÃO DE EMPRESAS PARA FORNECIMENTO, SOB DEMANDA, DE MATERIAL DE CONSUMO - ÁGUA MINERAL E RECARGA DE GÁS LIQUEFEITO DE PRETÓLEO P45 E P13.",2022-02-15,13522 e 13546/2021,013,14/02/2022,Vigente,
295,EMPRESA DISTRIBUIDORA DE GÁS COLIBRI EIRELI,"REGISTRO DE PREÇO PARA EVENTUAL E FUTURA CONTRATAÇÃO DE EMPRESAS PARA FORNECIMENTO SOB DEMANDA DE MATERIAL DE CONSUMO, ÁGUA MINERAL E RECARGA DE GÁS LIQUEFEITO DE PETROLEO P45 E P13.",2022-02-15,13522 e 13546/2021,012,14/02/2023,Vigente,
290,S. J. DEGASPERI LTDA EPP,REGISTRO DE PREÇO PARA AQUISIÇÃO DE GÊNEROS ALIMENTÍCIOS PARA ATENDER A DEMANDA DA SECRETARIA MUNICIPAL DE EDUCAÇÃO,2022-02-17,"13669/2021, 13910/2021",011,16/02/2023,Vigente,
292,EMPRESA LICITA WEB COMÉRCIO EIRELI,"REGISTRO DE PREÇO PARA  AQUISIÇÃO DE GÊNEROS ALIMENTÍCIOS PARA ATENDER A DEMANDA DA SECRETARIA MUNICIPAL DE EDUCAÇÃO E SECRETARIA MUNICIPAL DE ASSISTÊNCIA SOCIAL E OS SEGUINTES PROGRAMAS VINCULADOS: CENTRO DE REFERENCIA DE ASSISTENCIA SOCIAL - CRAS, CENTRO DE REFERENCIA ESPECIALIZADO DE ASSISTENCIA SOCIAL - CREAS, SERVIÇO DE CONVIVÊNCIA E FORTALECIMENTO DE VÍNCULOS - SCFV, PROGRAMA BOLSA FAMÍLIA - PBF E O SERVIÇO DE ACOLHIMENTO INSTITUCIONAL PARA CRIANÇAS E ADOLESCENTES ""MANOEL VALENTIM"".",2022-02-17,13669 e 13910/2021,010,16/02/2023,Vigente,
288,EMPRESA LICITA WEB COMÉRCIO EIRELI,REGISTRO DE PREÇO PARA AQUISIÇÃO DE GÊNEROS ALIMENTÍCIOS (CARNES) PARA ATENDER A DEMANDA DA SECRETARIA MUNICIPAL DE EDUCAÇÃO E SECRETARIA MUNICIPAL DE ASSISTÊNCIA SOCIAL.,2022-02-17,"13671, 13904 E 13971/2021",009,16/02/2023,Vigente,
293,EMPRESA LL DISTRIBUIDORA LTDA,"REGISTRO DE PREÇO PARA AQUISIÇÃO DE GÊNEROS ALIMENTÍCIOS (CARNES) PARA ATENDER A DEMANDA DA SECRETARIA MUNICIPAL DE EDUCAÇÃO, SECRETARIA MUNICIPAL DE TURISMO E CULTURA E SECRETARIA MUNICIPAL DE ASSISTÊNCIA SOCIAL.",2022-02-17,"13671, 13904 e 13971/2021",008,16/02/2023,Vigente,
286,JANES JOSÉ DESTEFANI SARTORI EIRELI,"CONTRATAÇÃO DE EMPRESA DE ENGENHARIA ESPECIALIZADA NA ELABORAÇÃO DE PROJETOS EXECUTIVOS DE ARQUITETURA, ENGENHARIA E COMPLEMENTARES PARA CONSTRUÇÃO, REFORMA E REVITALIZAÇÃO DE PRÉDIOS E EQUIPAMENTOS PÚBLICOS MUNICIPAIS.",2022-02-11,13804/2021,007,10/02/2023,Vigente,
287,"LOFT INTERIORES, ARQUITETURA E CONSTRUÇÃO LTDA","CONTRATAÇÃO DE EMPRESA DE ENGENHARIA ESPECIALIZADA NA ELABORAÇÃO DE PROJETOS EXECUTIVOS DE ARQUITETURA, ENGENHARIA E COMPLEMENTARES PARA CONSTRUÇÃO, REFORMA E REVITALIZAÇÃO DE PRÉDIOS E EQUIPAMENTOS PÚBLICOS.",2022-02-11,13804/2021,006,10/02/2023,Vigente,
289,GTX ENGENHARIA LTDA,"CONTRATAÇÃO DE EMPRESA DE ENGENHARIA ESPECIALIZADA NA ELABORAÇÃO DE PROJETOS EXECUTIVOS DE ARQUITETURA, ENGENHARIA E COMPLEMENTARES PARA CONSTRUÇÃO, REFORMA E REVITALIZAÇÃO DE PRÉDIOS E EQUIPAMENTOS PÚBLICOS MUNICIPAIS.",2022-02-11,13804/2021,005,10/02/2023,Vigente,
294,EMPRESA ROSSI ATACADISTA E DISTRIBUIDORA EIRELI,REGISTRO DE PREÇO PARA AQUISIÇÃO DE CAFÉ TORRADO E MOÍDO PARA ATENDER A DEMANDA DE DIVERSAS SECRETARIAS DESTA MUNICIPALIDADE PARA O ANO DE 2022.,2022-02-14,"13405, 13547, 13911, 14061 e 14115/2021",004,13/02/2022,Vigente,
285,EMPRESA CESCOPEL ATACADO DISTRIBUIDOR LTDA - EPP,"AQUISIÇÃO DE MATERIAIS DE EXPEDIENTE, LIMPEZA E AVIAMENTOS, DESTINADOS AS NECESSIDADES DOS ALUNOS DAS ESCOLAS DE ENSINO FUNDAMENTAL E DE EDUCAÇÃO INFANTIL, REFERENTE AO PROGRAMA PDDE",2022-01-03,11110/2021,003,1 ANO,Vigente,
283,EMPRESA ELBER INDUSTRIA DE REFRIGERAÇÃO LTDA,AQUISIÇÃO DE CÂMARAS PARA CONSERVAÇÃO DE VACINAS DESTINADAS A NECESSIDADE IMEDIATA DA SECRETARIA MUNICIPAL DE SAÚDE,2022-01-03,5790/2021,002,02/01/2023,Vigente,
284,EMPRESA LICITA RIO COMÉRCIO DE MÁQUINAS E EQUIPAMENTOS LTDA - EPP,AQUISIÇÃO DE CÂMARAS PARA CONSERVAÇÃO DE VACINAS DESTINADAS A NECESSIDADE IMEDIATA DA SECRETARIA MUNICIPAL DE SAÚDE,2022-01-03,5790/2021,001,02/01/2023,Vigente,
